dataset,model,seed,accuracy,f1,precision,recall,eval_loss,global_step
Twitter15,Bert,0,0.7753134040501446,0.7318949007879856,0.7375421771987819,0.7268985159767108,0.7727208105417398,800.0
Twitter15,Bert,42,0.7801350048216008,0.7330305253047609,0.7396604734083895,0.7269635320327331,0.72465517108257,800.0
Twitter15,Bert,199,0.7656702025072324,0.7141442498765366,0.7396439892987484,0.6968441120556709,0.7829976261808322,800.0
Twitter15,Bert,2022,0.7463837994214079,0.6726720496275748,0.747643625964309,0.6367888071693838,0.5923326918712029,800.0
Twitter15,Bert,11122,0.7685631629701061,0.7077792106277863,0.7372059656319448,0.6876039676258979,0.6932262954803613,800.0
Twitter15,Bert2Faster,0,0.7714561234329798,0.7104072398190046,0.7469053453387948,0.6872954134736785,0.7549627077121001,800.0
Twitter15,Bert2Faster,42,0.7762777242044359,0.7159499850784409,0.7418337691903147,0.6978033173396287,0.8527644482369606,800.0
Twitter15,Bert2Faster,199,0.7743490838958534,0.719365309197389,0.7462214564188248,0.7001104751720146,0.9027737165872868,800.0
Twitter15,Bert2Faster,2022,0.7675988428158148,0.7177330106791443,0.7394710092110247,0.7010678408127936,0.8205521237391692,800.0
Twitter15,Bert2Faster,11122,0.7782063645130183,0.7211206680767627,0.7663937952627932,0.6925930799276977,0.8386125890108255,800.0
Twitter15,Bert2Res,0,0.7685631629701061,0.7070098687399436,0.7376984248743322,0.6860391671377303,0.6019440994812892,800.0
Twitter15,Bert2Res,42,0.7560270009643202,0.6963582718387534,0.7225422755851647,0.6801315056662313,0.7901324088756855,800.0
Twitter15,Bert2Res,199,0.7907425265188043,0.7478750442007209,0.7774798213987056,0.7263621066863962,0.8494128858240751,800.0
Twitter15,Bert2Res,2022,0.7820636451301832,0.7232125136213116,0.7593320699851658,0.6988086823370233,0.8258311339295827,800.0
Twitter15,Bert2Res,11122,0.7589199614271939,0.6994498668705919,0.7491465649360386,0.6694954093314153,0.582646007491992,800.0
Twitter15,Bert2Vit,0,0.7704918032786885,0.7217627951465677,0.7393500454063228,0.7080190705383735,0.856501168012619,800.0
Twitter15,Bert2Vit,42,0.7675988428158148,0.710704888834342,0.7421243181332867,0.6886731222505288,0.6370084024392642,800.0
Twitter15,Bert2Vit,199,0.7714561234329798,0.7210068200790131,0.7438840044807237,0.7034867876290313,0.8521991148591042,800.0
Twitter15,Bert2Vit,2022,0.7666345226615237,0.7215518930867395,0.7287479333303545,0.7169324176877337,0.586636460515169,800.0
Twitter15,Bert2Vit,11122,0.7791706846673095,0.720303788737873,0.7654097615852965,0.6921374769640264,0.8266679869821438,800.0
Twitter15,Faster22Bert,0,0.772420443587271,0.7205814228231469,0.7574084176167545,0.6956067220623087,0.8144507606442158,800.0
Twitter15,Faster22Bert,42,0.7675988428158148,0.6991458306759201,0.7226595343611394,0.6828092902777726,0.8218776599718974,800.0
Twitter15,Faster22Bert,199,0.7627772420443587,0.709072435075014,0.7399126259293985,0.6873233300589217,0.8472029136923643,800.0
Twitter15,Faster22Bert,2022,0.7666345226615237,0.7163790364067643,0.7379444380768834,0.6997362917493798,0.7904310318713005,800.0
Twitter15,Faster22Bert,11122,0.7589199614271939,0.6986619164994267,0.733365066540724,0.6769775447481322,0.8486330884007307,800.0
Twitter15,Faster2Bert,0,0.7280617164898746,0.6513016234640435,0.6814307791576969,0.6319346173644135,0.9417816224006507,800.0
Twitter15,Faster2Bert,42,0.7174541947926711,0.5832447898810222,0.6639749712242549,0.5653740122591676,0.9576946533643282,800.0
Twitter15,Faster2Bert,199,0.7097396335583414,0.5652390144188106,0.6172380779972638,0.5527739588573921,0.9063597903801844,800.0
Twitter15,Faster2Bert,2022,0.7348119575699132,0.6179632015843952,0.682707096921932,0.5949666964029657,0.809116839674803,800.0
Twitter15,Faster2Bert,11122,0.6509161041465766,0.47938477186928735,0.538271295566087,0.4714348255583651,0.9175230558101948,800.0
Twitter15,FasterBert,0,0.7550626808100289,0.6995408205794312,0.7278030496635148,0.6796358598026943,0.8759259352317224,800.0
Twitter15,FasterBert,42,0.7531340405014465,0.6874037719968814,0.7148056988071052,0.6702730265032334,0.819443739262911,800.0
Twitter15,FasterBert,199,0.759884281581485,0.7087915903952035,0.7220104100670816,0.6977905778106134,0.8277040529136475,800.0
Twitter15,FasterBert,2022,0.7415621986499518,0.6804311854702516,0.6988590632088391,0.6677064176611509,0.9320096066364876,800.0
Twitter15,FasterBert,11122,0.7627772420443587,0.7126197427202192,0.7254673479561315,0.7018387279566479,0.9241351928132084,800.0
Twitter15,FasterBertAtt,0,0.76374156219865,0.7007026751135735,0.7424134855823876,0.6742506569940682,0.7684057154334508,800.0
Twitter15,FasterBertAtt,42,0.7618129218900676,0.7027587251116664,0.7296449849044518,0.6835910773074634,0.8901514212672527,800.0
Twitter15,FasterBertAtt,199,0.7714561234329798,0.7120089090008386,0.7526473270768838,0.6884113410261384,0.6987530050942531,800.0
Twitter15,FasterBertAtt,2022,0.7627772420443587,0.7133886255924171,0.7364215162108341,0.6959213930280987,0.8392864075990824,800.0
Twitter15,FasterBertAtt,11122,0.7444551591128254,0.6752811153777337,0.7361600645132625,0.64355967521161,0.7583873383127726,800.0
Twitter15,FasterBertTFN,0,0.7193828351012537,0.6538996696725402,0.6764665457827235,0.6386045963086241,1.9806671970165692,800.0
Twitter15,FasterBertTFN,42,0.7242044358727098,0.6624664660812811,0.6782176037835947,0.6501172519575759,2.160604346715487,800.0
Twitter15,FasterBertTFN,199,0.7135969141755063,0.6702985160589169,0.6745236197905745,0.66707890004239,2.1346122750869165,800.0
Twitter15,FasterBertTFN,2022,0.7319189971070396,0.6852665263362819,0.7109402804552176,0.667349864152316,1.299139698422872,800.0
Twitter15,FasterBertTFN,11122,0.7155255544840887,0.666342629366073,0.6818199920350457,0.6546088787526593,2.0493745473714977,800.0
Twitter15,FasterRCNN,0,0.5515911282545806,0.4244571198012845,0.43771221870796523,0.41939805004874975,1.2337831203754133,800.0
Twitter15,FasterRCNN,42,0.562198649951784,0.39953283022026315,0.4437379838036238,0.3973014672794702,1.194672348866096,800.0
Twitter15,FasterRCNN,199,0.5564127290260367,0.2748037162975085,0.2910232995738558,0.32791113836644686,1.4753455776434679,800.0
Twitter15,FasterRCNN,2022,0.5486981677917069,0.31861917955273955,0.3636117510386516,0.34545780831258405,1.2923699085529035,800.0
Twitter15,FasterRCNN,11122,0.579556412729026,0.3687259085921148,0.448505318153545,0.38765115907255066,1.2027116463734553,800.0
Twitter15,Res22Bert,0,0.7733847637415622,0.7260032275222809,0.7483646747439221,0.7091641411048629,0.9080894337823757,800.0
Twitter15,Res22Bert,42,0.7772420443587271,0.7272721003480687,0.7443514748283785,0.7134814157176446,0.9001572450193075,800.0
Twitter15,Res22Bert,199,0.7820636451301832,0.7248821253552937,0.7423851947182517,0.7114257524382056,0.8345732271957856,800.0
Twitter15,Res22Bert,2022,0.76374156219865,0.7054470900736831,0.7329645567904581,0.685862975312249,0.9189727365970611,800.0
Twitter15,Res22Bert,11122,0.7695274831243973,0.7195470015963373,0.743909618603908,0.701663762559953,0.8717822494128575,800.0
Twitter15,Res2Bert,0,0.7627772420443587,0.7017254472842779,0.7273240796658086,0.683135474343792,0.7472896243517215,800.0
Twitter15,Res2Bert,42,0.7550626808100289,0.7031198479879247,0.7216137250046679,0.6886251228939132,0.7441235809372022,800.0
Twitter15,Res2Bert,199,0.7647058823529411,0.7017941497579222,0.7411947336818828,0.6764181092573588,0.7060159917634267,800.0
Twitter15,Res2Bert,2022,0.7569913211186113,0.7003759219016281,0.7185857845664643,0.6860379407089443,0.8631281944421622,800.0
Twitter15,Res2Bert,11122,0.7193828351012537,0.581573690030613,0.6911990863648323,0.5600525990777777,0.7229318994742173,800.0
Twitter15,ResBert,0,0.7502410800385728,0.6880602078899479,0.7061579618882989,0.6753253152178763,0.6695998102426529,800.0
Twitter15,ResBert,42,0.7454194792671167,0.6701953109988305,0.7349537029634324,0.6369643857804719,0.6942343599521197,800.0
Twitter15,ResBert,199,0.7560270009643202,0.6992775968174282,0.7198539800060805,0.6834792883236115,0.7771940442231985,800.0
Twitter15,ResBert,2022,0.7569913211186113,0.7041294688353511,0.7161269448343015,0.6950272038001631,0.7940783412983784,800.0
Twitter15,ResBert,11122,0.7560270009643202,0.6739698131027313,0.7344623429985525,0.6426138226710604,0.8020400328704944,800.0
Twitter15,ResBertAtt,0,0.742526518804243,0.6609594914200071,0.7319095550742066,0.6269989007058879,0.6071032998653558,800.0
Twitter15,ResBertAtt,42,0.7579556412729026,0.7135268429457193,0.7294529372768269,0.7011601602396662,0.8339247407821508,800.0
Twitter15,ResBertAtt,199,0.7685631629701061,0.7214442121436769,0.7386343629416836,0.7083167248047567,0.7006306343926834,800.0
Twitter15,ResBertAtt,2022,0.7675988428158148,0.7289407825021287,0.7352224137639642,0.7277556057338673,0.802487957993379,800.0
Twitter15,ResBertAtt,11122,0.7647058823529411,0.7037904659552027,0.7450082389558759,0.6775917096234846,0.7963015380960244,800.0
Twitter15,ResBertTFN,0,0.733847637415622,0.6794584129541305,0.6885106067349058,0.6721336416146051,1.1655758988398772,800.0
Twitter15,ResBertTFN,42,0.7444551591128254,0.68816216723959,0.6976681604892138,0.679903757840655,1.3295134367851111,800.0
Twitter15,ResBertTFN,199,0.7290260366441659,0.6900405597355336,0.6875377148104421,0.6933949343984009,1.2320912608733543,800.0
Twitter15,ResBertTFN,2022,0.7550626808100289,0.6970910114896302,0.7192763159728318,0.68080946016882,1.1989915161178661,800.0
Twitter15,ResBertTFN,11122,0.7473481195756991,0.6914881187557795,0.7078401765491608,0.6814977013428521,1.3371375020593406,800.0
Twitter15,ResNet,0,0.5718418514946962,0.307103825136612,0.3265531712521128,0.34724741319724145,0.9996272816107823,800.0
Twitter15,ResNet,42,0.5949855351976856,0.33847537292325064,0.4442520442520442,0.36986095103021627,1.0330527278093191,800.0
Twitter15,ResNet,199,0.5718418514946962,0.342766504300606,0.3967322333531313,0.36460821786084735,0.9896030187606811,800.0
Twitter15,ResNet,2022,0.5776277724204436,0.3551080539217315,0.35563342025206435,0.3766658524712563,0.965122382915937,800.0
Twitter15,ResNet,11122,0.5660559305689489,0.28253214982052854,0.36013811276180085,0.34356549001709197,1.1815488109221826,800.0
Twitter15,Vit,0,0.579556412729026,0.29495506410235645,0.3321158008658009,0.34561209305387375,0.9123332619667053,800.0
Twitter15,Vit,42,0.5872709739633558,0.2676850316718982,0.3436363636363637,0.33995776577850073,0.912683629989624,800.0
Twitter15,Vit,199,0.6027000964320154,0.3275285593394004,0.3918152250996503,0.36783443076480665,0.9153710988851694,800.0
Twitter15,Vit,2022,0.6027000964320154,0.3318448152207743,0.38496746362506395,0.3698439343308093,0.9017967224121094,800.0
Twitter15,Vit,11122,0.6104146576663452,0.3403322158646939,0.40969634230503793,0.3762466284514523,0.9030362835297218,800.0
Twitter15,Vit22Bert,0,0.7531340405014465,0.6919678346770667,0.7483428275404517,0.6609544059615109,0.6670284704520152,800.0
Twitter15,Vit22Bert,42,0.7695274831243973,0.7170448708710705,0.7590587121167848,0.68966024411973,0.9374191412558922,800.0
Twitter15,Vit22Bert,199,0.7656702025072324,0.7139405317182997,0.7493975058247639,0.6901443768830376,0.8863238050387456,800.0
Twitter15,Vit22Bert,2022,0.772420443587271,0.7249973355905169,0.7356523806436274,0.7160394548885843,0.8373046081799728,800.0
Twitter15,Vit22Bert,11122,0.7743490838958534,0.7355557881237397,0.7555829653043258,0.7198184805678721,0.8682160626237209,800.0
Twitter15,Vit2Bert,0,0.7492767598842816,0.6844259692423201,0.7136496369567505,0.6642262726770323,0.8894043149283299,800.0
Twitter15,Vit2Bert,42,0.7569913211186113,0.7081612525123799,0.723099725644639,0.6963654828915408,0.8276366433271996,800.0
Twitter15,Vit2Bert,199,0.7415621986499518,0.6778806162923212,0.7174500608816737,0.6539734200075085,0.6686843750568536,800.0
Twitter15,Vit2Bert,2022,0.7405978784956606,0.6867675504170405,0.7060284759931248,0.6717898276347856,0.6171752688976434,800.0
Twitter15,Vit2Bert,11122,0.7675988428158148,0.7128477609214863,0.7456757440845568,0.6900690741555718,0.7947459721794495,800.0
Twitter15,VitBert,0,0.76374156219865,0.7048067384331195,0.7306025121684323,0.6859741510817079,0.822612470216476,800.0
Twitter15,VitBert,42,0.7512054001928641,0.7026176662386661,0.7278265405309138,0.6839166481590898,0.6205246425591983,800.0
Twitter15,VitBert,199,0.7608486017357763,0.7008721653160167,0.7194655916820866,0.6863362081897204,0.6858502596616745,800.0
Twitter15,VitBert,2022,0.7569913211186113,0.6822637626545544,0.738907770366294,0.6523169133068611,0.7555330765935091,800.0
Twitter15,VitBert,11122,0.7782063645130183,0.72771518448045,0.7547781853524681,0.7077220294863835,0.6833261033663383,800.0
Twitter15,VitBertAtt,0,0.7444551591128254,0.6799923888637519,0.7098697228440191,0.6594710250143795,0.9253034458710597,800.0
Twitter15,VitBertAtt,42,0.7473481195756991,0.6791316286203668,0.7210661325462083,0.6534139845167352,0.80513796714636,800.0
Twitter15,VitBertAtt,199,0.7540983606557377,0.6988569334851708,0.7274247666981232,0.6784731593224048,0.8407300280836912,800.0
Twitter15,VitBertAtt,2022,0.7540983606557377,0.6965659142786688,0.7181235441730903,0.6803714871189488,0.8826801417825314,800.0
Twitter15,VitBertAtt,11122,0.7540983606557377,0.6923851559035784,0.7139120257733763,0.676183631403819,0.7612615665564171,800.0
Twitter15,VitBertTFN,0,0.7261330761812922,0.649230733645323,0.6770589668615985,0.6307251439562945,1.0117787465453147,800.0
Twitter15,VitBertTFN,42,0.7348119575699132,0.6764824333155811,0.7137281973861844,0.6522500576076596,1.0399855756988892,800.0
Twitter15,VitBertTFN,199,0.7280617164898746,0.6726794174744577,0.686508625084764,0.6615254618650325,1.0510667418058102,800.0
Twitter15,VitBertTFN,2022,0.7348119575699132,0.6806166584360565,0.7019089701928746,0.6645871033562588,1.0118142424867704,800.0
Twitter15,VitBertTFN,11122,0.7483124397299904,0.6938026558444236,0.7089513890756126,0.6814868014570158,0.9455034996454532,800.0
Twitter17,Bert,0,0.686385737439222,0.6601527878672301,0.6803251232621825,0.648733772861615,0.7811164393638953,896.0
Twitter17,Bert,42,0.6790923824959482,0.6609546430491378,0.6836086373823865,0.6457093820256633,1.0979452933638523,896.0
Twitter17,Bert,199,0.6823338735818476,0.653218234573892,0.6780980609297983,0.6379499564163392,1.0148557371053941,896.0
Twitter17,Bert,2022,0.6742301458670988,0.6524451545474597,0.6610521455175608,0.6563916774509045,0.7236605378297659,896.0
Twitter17,Bert,11122,0.679902755267423,0.6560895581584051,0.6615215154007147,0.6516310833173614,0.7832032228127505,896.0
Twitter17,Bert2Faster,0,0.6807131280388979,0.6506800007052346,0.6670488102602169,0.6392944883315305,1.2973184635241826,896.0
Twitter17,Bert2Faster,42,0.6750405186385737,0.6594172825829904,0.6562531777165924,0.6638502063881458,1.0085449529190857,896.0
Twitter17,Bert2Faster,199,0.6847649918962723,0.666494744080951,0.6787148546050816,0.6568878830342993,1.2178152235200963,896.0
Twitter17,Bert2Faster,2022,0.686385737439222,0.6615688169353339,0.6873973670286855,0.6463873898840393,0.947456127557999,896.0
Twitter17,Bert2Faster,11122,0.6944894651539708,0.6839146951647838,0.6933363334414592,0.676409418554688,1.2322335834973133,896.0
Twitter17,Bert2Res,0,0.692868719611021,0.6583709481038063,0.7059517971295582,0.6398492929096776,0.7168475630191656,896.0
Twitter17,Bert2Res,42,0.6896272285251216,0.6632121779102134,0.6760743439145004,0.6534607162959064,1.1927826257470326,896.0
Twitter17,Bert2Res,199,0.6961102106969206,0.6752402168025861,0.6907996613411923,0.6637241584965213,1.1348801511220443,896.0
Twitter17,Bert2Res,2022,0.6904376012965965,0.6656873509851757,0.6745415288194927,0.659638432613221,1.0080220351616542,896.0
Twitter17,Bert2Res,11122,0.6993517017828201,0.6798626237234037,0.6865510823609932,0.6788078052428169,1.1125656663416288,896.0
Twitter17,Bert2Vit,0,0.6839546191247974,0.6605328724841973,0.6682442295681351,0.654162155323705,1.2435306119613159,896.0
Twitter17,Bert2Vit,42,0.6888168557536467,0.669549784163839,0.6811524707686797,0.6605517425120135,1.0018859629829724,896.0
Twitter17,Bert2Vit,199,0.6904376012965965,0.6638274158618113,0.6805313864719805,0.651992854673313,1.117559043260721,896.0
Twitter17,Bert2Vit,2022,0.6944894651539708,0.675786989082294,0.695456507849539,0.6620078885498955,1.1803425302108128,896.0
Twitter17,Bert2Vit,11122,0.6993517017828201,0.6784850939509686,0.6876662296235617,0.6711886716532914,0.7610519406123039,896.0
Twitter17,Faster22Bert,0,0.6880064829821718,0.6724874304129024,0.6789172928330083,0.6684923593316486,0.8167857378721237,896.0
Twitter17,Faster22Bert,42,0.6920583468395461,0.6690108242801506,0.675037122525707,0.6673962357404898,0.8313725136029415,896.0
Twitter17,Faster22Bert,199,0.6977309562398704,0.6771019064680021,0.6908692046608897,0.6665732159145176,1.1896729163634472,896.0
Twitter17,Faster22Bert,2022,0.6920583468395461,0.6767508909622393,0.6887918081542822,0.6676522507661066,1.2055942632066898,896.0
Twitter17,Faster22Bert,11122,0.7058346839546191,0.679475508516091,0.6973715113614999,0.6668753768583319,1.0772496882157447,896.0
Twitter17,Faster2Bert,0,0.4837925445705024,0.4138485413761974,0.4677199727662302,0.4079368914322665,1.0157558604692802,896.0
Twitter17,Faster2Bert,42,0.6458670988654781,0.595620148586848,0.6415136147660819,0.5827264618310464,0.8437025730426495,896.0
Twitter17,Faster2Bert,199,0.6361426256077796,0.5719859285205234,0.6103627022467601,0.5601977506414494,1.2518012154942904,896.0
Twitter17,Faster2Bert,2022,0.660453808752026,0.6106289352064095,0.640633035339886,0.5959616800923896,1.0993455808896284,896.0
Twitter17,Faster2Bert,11122,0.5891410048622366,0.5332045962446377,0.592567344512598,0.5197148426681258,0.967710976417248,896.0
Twitter17,FasterBert,0,0.6661264181523501,0.6345751780886005,0.6470600846986095,0.6254656944922761,1.112593015226034,896.0
Twitter17,FasterBert,42,0.6717990275526742,0.6397807720829145,0.6584239906478458,0.6283378248693713,1.1845700565056922,896.0
Twitter17,FasterBert,199,0.6823338735818476,0.6623103602778615,0.6741342582816827,0.6536594808832844,1.1290381726546166,896.0
Twitter17,FasterBert,2022,0.6952998379254457,0.672347586297685,0.6857536763300462,0.6621176273361845,1.0504931994737723,896.0
Twitter17,FasterBert,11122,0.6645056726094003,0.6281164515788974,0.6427571011303068,0.6179374620402412,1.0666246987306154,896.0
Twitter17,FasterBertAtt,0,0.6912479740680713,0.6737930434025511,0.6874843225469597,0.6632273418484563,1.0537233417614913,896.0
Twitter17,FasterBertAtt,42,0.673419773095624,0.6549908372038535,0.6625260312979396,0.6486492141539771,1.0149163254178488,896.0
Twitter17,FasterBertAtt,199,0.6701782820097245,0.6476794100013877,0.6623990701768746,0.6391486967296999,0.7369499061352167,896.0
Twitter17,FasterBertAtt,2022,0.6969205834683955,0.6780570955359643,0.6905079282390769,0.6684322642820142,0.9838727871194864,896.0
Twitter17,FasterBertAtt,11122,0.6726094003241491,0.6513781652400055,0.6667776939896756,0.641352301286405,0.8509320020675659,896.0
Twitter17,FasterBertTFN,0,0.6758508914100486,0.6467654556679531,0.6572491788077777,0.6391888584283687,2.0605602429296153,896.0
Twitter17,FasterBertTFN,42,0.679902755267423,0.6480897441678456,0.671975971941209,0.633683165749901,2.326483136186233,896.0
Twitter17,FasterBertTFN,199,0.6596434359805511,0.6184836191833302,0.6470476077571302,0.6029447164314363,1.4739215885981536,896.0
Twitter17,FasterBertTFN,2022,0.6628849270664505,0.6409798425974047,0.650155028438348,0.6336027159253904,2.2717655847469964,896.0
Twitter17,FasterBertTFN,11122,0.6385737439222042,0.5935645741834564,0.6220972825623988,0.5832756403999886,2.465860068415984,896.0
Twitter17,FasterRCNN,0,0.5510534846029174,0.4751519670046625,0.5263641228541934,0.47048787318983676,1.116990130681258,896.0
Twitter17,FasterRCNN,42,0.5591572123176661,0.4927370065227965,0.5369912508854685,0.4815908128913237,1.1444035180104084,896.0
Twitter17,FasterRCNN,199,0.5623987034035657,0.5096086289255841,0.5320216745140312,0.4996272716223759,1.1902739604314168,896.0
Twitter17,FasterRCNN,2022,0.5591572123176661,0.4913535046788923,0.5387375601364259,0.4801884194732235,1.1663677046696346,896.0
Twitter17,FasterRCNN,11122,0.5769854132901134,0.524995662619329,0.5504140576622133,0.5141304490743761,1.1344154209662707,896.0
Twitter17,Res22Bert,0,0.6766612641815235,0.6536984344569753,0.6731077361888587,0.6403098038878547,1.0139132430538154,896.0
Twitter17,Res22Bert,42,0.6993517017828201,0.6819110213926988,0.6968354161923331,0.6749782208123064,0.9966345824874364,896.0
Twitter17,Res22Bert,199,0.6709886547811994,0.6429836514665409,0.6753466342794173,0.6245465268011278,1.2148155068548827,896.0
Twitter17,Res22Bert,2022,0.6912479740680713,0.6678966813730978,0.6898827948008277,0.653127391053912,1.132447865911019,896.0
Twitter17,Res22Bert,11122,0.6823338735818476,0.6728725889923526,0.6784275986592522,0.6679530210110162,1.1576936067296908,896.0
Twitter17,Res2Bert,0,0.6847649918962723,0.6582621754238916,0.6761959547921004,0.6500110876630848,0.8161839798857005,896.0
Twitter17,Res2Bert,42,0.6847649918962723,0.662424493109886,0.6658555499975358,0.6593286649678226,1.0172083721711085,896.0
Twitter17,Res2Bert,199,0.6831442463533225,0.6613432955945865,0.6842196544338172,0.646190858843387,1.1693254501009598,896.0
Twitter17,Res2Bert,2022,0.6815235008103727,0.6541938752789025,0.6773733094702505,0.639323419082985,1.1578195095062256,896.0
Twitter17,Res2Bert,11122,0.6693679092382496,0.6227680337185575,0.6640545393802723,0.6046127333403121,0.8430995280161883,896.0
Twitter17,ResBert,0,0.6807131280388979,0.6528833235757922,0.661675163707684,0.6457536526074593,1.0682087735487864,896.0
Twitter17,ResBert,42,0.6888168557536467,0.6578167647338287,0.668863756660711,0.6493325951672118,1.0631143274979713,896.0
Twitter17,ResBert,199,0.6750405186385737,0.6590729398950166,0.668270855680869,0.6519702663517113,1.1094186007976532,896.0
Twitter17,ResBert,2022,0.6790923824959482,0.6522499913777109,0.6661347921118214,0.6419741965511004,1.0310749690502117,896.0
Twitter17,ResBert,11122,0.6726094003241491,0.6439935952875481,0.667260650798318,0.6291755734610147,1.0767058446907845,896.0
Twitter17,ResBertAtt,0,0.6685575364667747,0.645672463359075,0.6584867427500908,0.6366636442143808,0.9742451548958436,896.0
Twitter17,ResBertAtt,42,0.6685575364667747,0.6274494118102191,0.6637739010321231,0.6100181692704765,0.8872775026620963,896.0
Twitter17,ResBertAtt,199,0.6855753646677472,0.6695274107704462,0.6790170553753981,0.6616767968546268,1.0996409744406357,896.0
Twitter17,ResBertAtt,2022,0.6912479740680713,0.6586248331108143,0.6967493830843915,0.638442664181277,0.9028768105766712,896.0
Twitter17,ResBertAtt,11122,0.686385737439222,0.6694153798297098,0.6786376915805449,0.6625553182096091,1.0956931289954064,896.0
Twitter17,ResBertTFN,0,0.6758508914100486,0.6489437276442479,0.6573172386783267,0.6421688522553511,1.5465270741245685,896.0
Twitter17,ResBertTFN,42,0.6790923824959482,0.6532175198045895,0.6683440038250349,0.6422573934189431,1.484764559337726,896.0
Twitter17,ResBertTFN,199,0.6742301458670988,0.6566436839253315,0.6703899154437707,0.6461429640159608,1.422293096398696,896.0
Twitter17,ResBertTFN,2022,0.6515397082658023,0.6184388476706711,0.6309244226935203,0.6102345072349213,1.6270956637767644,896.0
Twitter17,ResBertTFN,11122,0.6523500810372771,0.622457001014863,0.6370069615537117,0.6128658359895682,1.4797196422631924,896.0
Twitter17,ResNet,0,0.5810372771474879,0.5290347727138746,0.5872158398417157,0.5136951181748501,1.119402758586101,896.0
Twitter17,ResNet,42,0.5810372771474879,0.5311177167491894,0.5587469052509713,0.5187111162693397,1.0395057461200616,896.0
Twitter17,ResNet,199,0.5648298217179902,0.4976373510551932,0.5756530069517342,0.48946608793363894,0.9607478510110806,896.0
Twitter17,ResNet,2022,0.5696920583468396,0.5154838512983613,0.5664939828279604,0.5011412791631668,1.1069542643351433,896.0
Twitter17,ResNet,11122,0.593192868719611,0.5258596668512648,0.5934082296237019,0.5158139322407665,1.0029621051672177,896.0
Twitter17,Vit,0,0.5907617504051864,0.5403016538681054,0.5932316273877182,0.5265822824285278,0.9660897132677909,896.0
Twitter17,Vit,42,0.5826580226904376,0.5334036171502324,0.580162625124281,0.5191601645171519,0.9805803761268274,896.0
Twitter17,Vit,199,0.5923824959481362,0.5325094773605331,0.609777556949188,0.5229185493779868,0.881197818578818,896.0
Twitter17,Vit,2022,0.5996758508914101,0.5439840347132306,0.5984818630674921,0.5285717825675134,0.881830265888801,896.0
Twitter17,Vit,11122,0.6110210696920584,0.5539358476983076,0.6071937321937322,0.5403840208527293,0.8924437149977072,896.0
Twitter17,Vit22Bert,0,0.6912479740680713,0.6773813117697541,0.7000148984169342,0.6617305494744085,1.2044796120279875,896.0
Twitter17,Vit22Bert,42,0.692868719611021,0.6741516577164429,0.686443888934175,0.6644852079364574,1.1453396551884139,896.0
Twitter17,Vit22Bert,199,0.6912479740680713,0.6696827234394999,0.6812378102037261,0.6622697613678677,0.8162375956009595,896.0
Twitter17,Vit22Bert,2022,0.6936790923824959,0.6783048701719672,0.6914128441784992,0.6680605262505797,1.1680932788130565,896.0
Twitter17,Vit22Bert,11122,0.6888168557536467,0.6630448347108931,0.685980767485805,0.6481189996610066,1.0484375051963024,896.0
Twitter17,Vit2Bert,0,0.6750405186385737,0.6508166765099815,0.6689468270547613,0.638984720686132,0.8633607056660529,896.0
Twitter17,Vit2Bert,42,0.6701782820097245,0.6390886523654773,0.6662141779788838,0.6233311823856943,1.2270442312344527,896.0
Twitter17,Vit2Bert,199,0.6588330632090762,0.6194102349667401,0.6459137896055811,0.6080133293011493,0.7565683649900632,896.0
Twitter17,Vit2Bert,2022,0.6904376012965965,0.6612752193297634,0.6744739594999594,0.6517232487265834,1.164992009026882,896.0
Twitter17,Vit2Bert,11122,0.6815235008103727,0.6537774590188289,0.665013621019817,0.6451217906672809,1.153557076668128,896.0
Twitter17,VitBert,0,0.6807131280388979,0.6707056692174259,0.6683078065534206,0.6758782980003099,0.8781124353408813,896.0
Twitter17,VitBert,42,0.686385737439222,0.6622998425642336,0.6757322129113702,0.6540601496661732,0.8663260394181961,896.0
Twitter17,VitBert,199,0.6871961102106969,0.6675750692980942,0.6735625522264023,0.6637978444672687,0.7302182165858073,896.0
Twitter17,VitBert,2022,0.6693679092382496,0.6479624483342491,0.6599689606673457,0.6388093872681768,0.8558809405718094,896.0
Twitter17,VitBert,11122,0.673419773095624,0.6601062505353739,0.6683865270622883,0.6533283891880156,1.0348006563308911,896.0
Twitter17,VitBertAtt,0,0.679902755267423,0.6585602427021785,0.6624411228184813,0.6572542479108753,0.7069995426214658,896.0
Twitter17,VitBertAtt,42,0.6661264181523501,0.6507086963707618,0.6500950623380174,0.6514503767445475,0.8212378124396006,896.0
Twitter17,VitBertAtt,199,0.6709886547811994,0.6557521753681392,0.6629608540918835,0.6496144013361498,1.082457116016975,896.0
Twitter17,VitBertAtt,2022,0.6815235008103727,0.6601113643745609,0.6764707189403065,0.6483985722832191,1.0819995234218927,896.0
Twitter17,VitBertAtt,11122,0.6774716369529984,0.652574528952192,0.6691502483581692,0.6408107294190469,1.1000809837610295,896.0
Twitter17,VitBertTFN,0,0.6620745542949756,0.6237588413188168,0.6454825593195712,0.6104882887138126,0.8944549721020919,896.0
Twitter17,VitBertTFN,42,0.6507293354943274,0.6158325939030386,0.6341299277497194,0.6041240080313283,1.3192786897222202,896.0
Twitter17,VitBertTFN,199,0.6612641815235009,0.6260714728118691,0.6408943550938443,0.6158937246439767,1.3134480070991394,896.0
Twitter17,VitBertTFN,2022,0.6742301458670988,0.6388295529997366,0.6552932740586103,0.6276286527128153,1.3443107635546954,896.0
Twitter17,VitBertTFN,11122,0.6247974068071313,0.5965274986259269,0.6438931915196549,0.5795485462645069,0.9002989492355249,896.0
